{
    "d2v": {
        "ch_index": [
            2.3722871633991076,
            2.1119278631988383,
            4.230790209602773,
            3.1040044608832638
        ],
        "accuracy": [
            0.56,
            0.52,
            0.57,
            0.58
        ]
    },
    "liltab": {
        "ch_index": [
            3.408409757614826,
            3.8678891246958838,
            4.658930502319935,
            4.750685410875562
        ],
        "accuracy": [
            0.65,
            0.58,
            0.57,
            0.56
        ]
    }
}