{
    "d2v": {
        "ch_index": [
            58.66732566663229,
            64.88112271969068,
            61.91840795125045,
            74.48617420167332,
            58.76901774555868,
            64.3703972178102,
            60.32184585290778,
            59.496276464311116,
            63.85202072609466,
            67.0900784304294,
            67.37180343629358,
            64.72002358267169,
            61.935483890729564,
            75.37373628281989,
            69.44622180639601
        ],
        "accuracy": [
            0.5852,
            0.5938,
            0.5898,
            0.5916,
            0.5876,
            0.5944,
            0.5948,
            0.5894,
            0.577,
            0.5932,
            0.6066,
            0.5886,
            0.5834,
            0.5852,
            0.5922
        ]
    },
    "liltab": {
        "ch_index": [
            69.04545438844697,
            66.53970880727735,
            72.26278738985444,
            73.70221751263529,
            72.79850027239095,
            70.30898944172353,
            72.53082875289999,
            71.30191805200425,
            76.28708147143901,
            70.71510380896196,
            73.96374300632154,
            69.96752568037222,
            64.99444287190344,
            67.48170439232355,
            69.61107830457296
        ],
        "accuracy": [
            0.5776,
            0.5796,
            0.5796,
            0.5934,
            0.5906,
            0.5698,
            0.5756,
            0.5732,
            0.588,
            0.5796,
            0.5834,
            0.5832,
            0.582,
            0.5924,
            0.5834
        ]
    }
}