{
    "d2v": {
        "ch_index": {
            "mean": 64.84666239835128,
            "std": 5.02533735618961,
            "min": 58.66732566663229,
            "max": 75.37373628281989
        },
        "accuracy": {
            "mean": 0.5901866666666666,
            "std": 0.006409770320031411,
            "min": 0.577,
            "max": 0.6066
        }
    },
    "liltab": {
        "ch_index": {
            "mean": 70.7674056102085,
            "std": 2.9006279932719132,
            "min": 64.99444287190344,
            "max": 76.28708147143901
        },
        "accuracy": {
            "mean": 0.5820933333333332,
            "std": 0.006619110379969678,
            "min": 0.5698,
            "max": 0.5934
        }
    }
}