{
    "d2v": {
        "ch_index": {
            "mean": 2.9547524242709957,
            "std": 0.8216093385691841,
            "min": 2.1119278631988383,
            "max": 4.230790209602773
        },
        "accuracy": {
            "mean": 0.5575,
            "std": 0.022776083947860726,
            "min": 0.52,
            "max": 0.58
        }
    },
    "liltab": {
        "ch_index": {
            "mean": 4.171478698876552,
            "std": 0.5584645276502352,
            "min": 3.408409757614826,
            "max": 4.750685410875562
        },
        "accuracy": {
            "mean": 0.59,
            "std": 0.03535533905932738,
            "min": 0.56,
            "max": 0.65
        }
    }
}