{
    "d2v": {
        "ch_index": [
            13.119675663481988,
            12.326634469935719,
            17.191374590218036,
            11.255315489005534
        ],
        "accuracy": [
            0.69,
            0.77,
            0.72,
            0.64
        ]
    },
    "liltab": {
        "ch_index": [
            12.773908609525249,
            9.481984517813782,
            9.39168999058102,
            5.7528466112225844
        ],
        "accuracy": [
            0.65,
            0.62,
            0.73,
            0.52
        ]
    }
}