{
    "d2v": {
        "ch_index": [
            238.8543686075144,
            247.1846650363624,
            242.58804724176952,
            246.20253712220673,
            235.19485067542377,
            234.92926543943358,
            237.06869347611752,
            234.0270719483488,
            250.85283009438174,
            239.71942983285211,
            239.75780810757863,
            250.05175366345452,
            239.70635271589188,
            241.61838532333317,
            241.2490301365858
        ],
        "accuracy": [
            0.7226,
            0.717,
            0.7196,
            0.7154,
            0.7136,
            0.726,
            0.7172,
            0.7144,
            0.7218,
            0.7236,
            0.7108,
            0.7106,
            0.7166,
            0.7236,
            0.704
        ]
    },
    "liltab": {
        "ch_index": [
            127.29825540315308,
            135.34540478632152,
            144.40251564078898,
            131.4471825960948,
            124.51972021637948,
            136.82836151314788,
            143.10619488121432,
            143.3836182660696,
            143.97054428490117,
            142.21895929467246,
            128.55195177289136,
            127.04176439171368,
            126.91163430841812,
            155.27874410803258,
            135.23691847109376
        ],
        "accuracy": [
            0.662,
            0.6588,
            0.663,
            0.6502,
            0.6452,
            0.6456,
            0.6496,
            0.653,
            0.6488,
            0.648,
            0.649,
            0.6512,
            0.6314,
            0.6394,
            0.6472
        ]
    }
}