{
    "d2v": {
        "ch_index": {
            "mean": 13.473250053160319,
            "std": 2.2462983967336703,
            "min": 11.255315489005534,
            "max": 17.191374590218036
        },
        "accuracy": {
            "mean": 0.705,
            "std": 0.04716990566028302,
            "min": 0.64,
            "max": 0.77
        }
    },
    "liltab": {
        "ch_index": {
            "mean": 9.35010743228566,
            "std": 2.4840400857707774,
            "min": 5.7528466112225844,
            "max": 12.773908609525249
        },
        "accuracy": {
            "mean": 0.63,
            "std": 0.07516648189186453,
            "min": 0.52,
            "max": 0.73
        }
    }
}