{
    "d2v": {
        "ch_index": {
            "mean": 241.26700596141697,
            "std": 5.101088370681987,
            "min": 234.0270719483488,
            "max": 250.85283009438174
        },
        "accuracy": {
            "mean": 0.71712,
            "std": 0.005765090343322187,
            "min": 0.704,
            "max": 0.726
        }
    },
    "liltab": {
        "ch_index": {
            "mean": 136.36945132899285,
            "std": 8.546772425571211,
            "min": 124.51972021637948,
            "max": 155.27874410803258
        },
        "accuracy": {
            "mean": 0.6494933333333334,
            "std": 0.007798415793537123,
            "min": 0.6314,
            "max": 0.663
        }
    }
}